{"train_accuracy":0.9375,"_timestamp":1.73642700160063e+09,"_runtime":87.285019,"_step":9379,"_wandb":{"runtime":88},"train_loss":0.2437436878681183}