{"_runtime":97.881306,"_step":9379,"train_loss":0.0739225223660469,"train_accuracy":0.9375,"_timestamp":1.736953065912246e+09,"_wandb":{"runtime":100}}
