{"train_accuracy":0.9375,"_timestamp":1.7369524391511092e+09,"_runtime":19.826534,"_step":1875,"_wandb":{"runtime":20},"train_loss":0.22749455273151398}
