{"train_loss":0.03517932444810867,"train_accuracy":1,"_timestamp":1.736423171894909e+09,"_runtime":90.398413,"_step":9379,"_wandb":{"runtime":90}}