{"_step":9379,"train_loss":0.15159574151039124,"train_accuracy":0.9375,"_wandb":{"runtime":91},"_timestamp":1.7367649530779321e+09,"_runtime":90.781581}