{"train_loss":1.0831884145736694,"_wandb":{"runtime":2},"train_accuracy":0.75,"_timestamp":1.736765462622081e+09,"_runtime":2.408592,"_step":76}