{"train_loss":0.1812124103307724,"train_accuracy":0.9375,"_timestamp":1.736953205459931e+09,"_wandb":{"runtime":96},"_runtime":95.194715,"_step":9379}
